{
  "saved_at": "2026-03-14T23:04:28.957080",
  "max_calls_per_hour": 100,
  "calls_last_hour": 100,
  "call_timestamps": [
    1773529357.6209455,
    1773529359.8103967,
    1773529360.8128128,
    1773529361.801359,
    1773529362.7829857,
    1773529363.764654,
    1773529364.7802057,
    1773529366.7446368,
    1773529367.6992078,
    1773529368.6849911,
    1773529369.6581998,
    1773529370.641365,
    1773529371.6952355,
    1773529372.6999264,
    1773529373.6805298,
    1773529374.8174746,
    1773529375.7969906,
    1773529376.7801254,
    1773529378.9019928,
    1773529379.8705199,
    1773529380.8326008,
    1773529382.8082638,
    1773529383.7799296,
    1773529384.7514536,
    1773529386.7152867,
    1773529387.842322,
    1773529388.825879,
    1773529389.7760394,
    1773529390.756455,
    1773529391.8705404,
    1773529393.841881,
    1773529394.8678865,
    1773529395.9967172,
    1773529396.959733,
    1773529397.9391756,
    1773529398.9139922,
    1773529399.8792782,
    1773529400.851472,
    1773529401.8384788,
    1773529402.7910607,
    1773529403.9714055,
    1773529404.9363651,
    1773529405.8944983,
    1773529406.8750906,
    1773529407.8499572,
    1773529408.8259995,
    1773529410.27209,
    1773529411.27038,
    1773529412.2704074,
    1773529413.2438283,
    1773529414.5529654,
    1773529416.3990397,
    1773529417.4933507,
    1773529418.70055,
    1773529419.6541896,
    1773529420.8518198,
    1773529421.8303235,
    1773529422.827899,
    1773529424.02102,
    1773529425.0034306,
    1773529426.147807,
    1773529427.1119378,
    1773529428.2568014,
    1773529429.425123,
    1773529430.5649266,
    1773529431.5346234,
    1773529432.5085216,
    1773529433.506154,
    1773529434.4761667,
    1773529435.441481,
    1773529436.4223042,
    1773529437.4288225,
    1773529438.388871,
    1773529439.3441331,
    1773529440.3091252,
    1773529441.269077,
    1773529442.2426674,
    1773529443.212517,
    1773529444.2913952,
    1773529446.2800896,
    1773529447.2795565,
    1773529448.2497683,
    1773529449.2461226,
    1773529450.2428932,
    1773529451.205402,
    1773529452.2045052,
    1773529453.325714,
    1773529454.2850006,
    1773529456.2415218,
    1773529458.2017334,
    1773529459.1766539,
    1773529460.5342643,
    1773529461.7897432,
    1773529463.0288534,
    1773529463.9994578,
    1773529464.9530432,
    1773529465.935643,
    1773529466.9166014,
    1773529467.9752848,
    1773529468.9570804
  ]
}